章节,规划主题数,正文,独立内容核验,代码与命令,图片,整书PDF与EPUB,正文文件
第二十一章 构建依赖与可复现交付,4,完整范围初稿,已完成,未编译、未执行,原创或有来源授权,尚未完成,C21/C21-build-dependencies-and-reproducible-delivery.zh-CN.md
第二十二章 调试与故障证据链,4,完整范围初稿,已完成,未编译、未执行,原创或有来源授权,尚未完成,C22/C22-debugging-and-failure-evidence.zh-CN.md
第二十三章 从测试到可信验证,4,完整范围初稿,已完成,未编译、未执行,原创或有来源授权,尚未完成,C23/C23-testing-and-trustworthy-verification.zh-CN.md
第二十四章 协作版本与发布工程,4,完整范围初稿,已完成,未编译、未执行,原创或有来源授权,尚未完成,C24/C24-collaboration-versioning-and-release.zh-CN.md
第二十五章 架构设计与长期演进,4,完整范围初稿,已完成,未编译、未执行,原创或有来源授权,尚未完成,C25/C25-architecture-and-long-term-evolution.zh-CN.md
第二十六章 安全与内存安全工程,4,完整范围初稿,已完成,未编译、未执行,原创或有来源授权,尚未完成,C26/C26-security-and-memory-safety.zh-CN.md
第二十七章 运行可靠性与平台工程,4,完整范围初稿,已完成,未编译、未执行,原创或有来源授权,尚未完成,C27/C27-operational-reliability-and-platform-engineering.zh-CN.md
第二十八章 MCU 与固件的硬件边界,4,完整范围初稿,已完成,未编译、未执行,原创或有来源授权,尚未完成,C28/C28-mcu-and-firmware-hardware-boundaries.zh-CN.md
第二十九章 实时系统与联网设备生命周期,4,完整范围初稿,已完成,未编译、未执行,原创或有来源授权,尚未完成,C29/C29-real-time-and-connected-device-lifecycle.zh-CN.md
第三十章 Linux 内核驱动与系统软件,4,完整范围初稿,已完成,未编译、未执行,原创或有来源授权,尚未完成,C30/C30-linux-kernel-drivers-and-system-software.zh-CN.md
第三十一章 Windows Qt 与设备上位机,4,完整范围初稿,已完成,未编译、未执行,原创或有来源授权,尚未完成,C31/C31-windows-qt-and-device-host-applications.zh-CN.md
第三十二章 网络设备与高性能数据平面,4,完整范围初稿,已完成,未编译、未执行,原创或有来源授权,尚未完成,C32/C32-network-devices-and-high-performance-data-planes.zh-CN.md
第三十三章 网络协议与高性能服务,4,完整范围初稿,已完成,未编译、未执行,原创或有来源授权,尚未完成,C33/C33-network-protocols-and-high-performance-services.zh-CN.md
第五十七章 从知识点到面试追问与能力证明,4,完整范围初稿,已完成,未编译、未执行,原创或有来源授权,尚未完成,C57/C57-interview-reasoning-and-evidence.zh-CN.md
第五十八章 跨层工程项目与作品集,4,完整范围初稿,已完成,未编译、未执行,原创或有来源授权,尚未完成,C58/C58-cross-layer-projects-and-portfolios.zh-CN.md
