part_id,chapter_id,title,audience,lifecycle,interview_importance,engineering_importance,difficulty,illustration
P01,C01,用约束描述工程问题,所有人必读,稳定,共同基础,每日必需,基础,约束图 实验误差图
P01,C02,数据结构是怎样进入系统的,所有人必读,稳定,共同基础,每日必需,基础到进阶,结构图 内存布局图
P01,C03,从算法选择到可解释的工程取舍,所有人必读,稳定,共同基础,场景核心,基础到进阶,算法轨迹 数据流图
P01,C04,数据与协议的共同语言,所有人必读,稳定为主,岗位常问,每日必需,基础,字节布局 状态转换图
P02,C05,处理器与内存层次,C++与系统方向基础 C++核心,稳定为主,共同基础,性能核心,进阶,架构图 Cache图
P02,C06,地址空间与虚拟内存,C++与系统方向基础 C++核心,稳定,共同基础,诊断核心,进阶,页表图 地址空间图
P02,C07,操作系统提供的执行与资源模型,所有人必读,稳定为主,共同基础,每日必需,进阶,切换时序 资源生命周期图
P02,C08,编译链接装载与二进制边界,C++核心 系统方向,稳定为主,岗位常问,诊断核心,进阶,构建链路 二进制布局图
P03,C09,对象生命周期与资源所有权,C++核心,稳定为主,核心必问,每日必需,基础到进阶,生命周期 所有权图
P03,C10,值语义与泛型参数传递,C++核心,稳定为主,核心必问,每日必需,进阶,对象迁移 时序图
P03,C11,对象模型与可观察边界,C++核心 底层方向,稳定为主,岗位深问,诊断核心,进阶到高级,内存布局 虚调用图
P03,C12,泛型编程与编译期表达,C++核心 工具方向,持续演进,岗位常问,场景核心,进阶到高级,约束图 实例化链图
P03,C13,标准库容器算法与分配,C++核心,稳定与演进并存,核心必问,每日必需,进阶,容器布局 扩容时序图
P03,C14,错误处理与健壮的库接口,C++核心 工程必读,稳定与演进并存,岗位深问,每日必需,进阶,错误流 决策图
P03,C15,标准演进与项目迁移,C++核心 前沿,持续演进,按岗位选择,迁移核心,进阶,标准时间线 支持矩阵
P04,C16,同步原语与线程组织,C++核心 C++与系统方向基础,稳定为主,核心必问,每日必需,进阶,等待时序 锁顺序图
P04,C17,从语言内存模型理解原子操作,C++核心 高级,稳定与标准演进,岗位深问,并发核心,高级,事件偏序图 Litmus时序图
P04,C18,无锁结构与安全回收,C++核心 高级,稳定原理 持续实践,专项深问,特定场景,高级,并发交错 回收时间线
P04,C19,异步 IO 协程与调度,C++核心 网络方向,持续演进,岗位常问,场景核心,进阶到高级,时序图 协程帧图
P04,C20,性能优化是一套实验方法,公共测量方法 专项性能按需 高级,稳定方法 演进工具,岗位深问,性能核心,进阶到高级,火焰图 Roofline 延迟分布图
P05,C21,构建依赖与可复现交付,所有人必读 C++核心,持续演进,岗位常问,每日必需,进阶,依赖图 构建流水线
P05,C22,调试与故障证据链,所有人必读,稳定方法 演进工具,核心必问,诊断核心,进阶,故障树 调试截图
P05,C23,从测试到可信验证,所有人必读,稳定方法 演进工具,岗位常问,每日必需,进阶,测试分层 故障注入图
P05,C24,协作版本与发布工程,所有人必读,稳定方法 演进工具,岗位常问,每日必需,基础到进阶,版本图 制品溯源图
P05,C25,架构设计与长期演进,所有人必读 高级,稳定为主,设计核心,每日必需,进阶到高级,架构图 ADR决策图
P05,C26,安全与内存安全工程,所有人必读 系统方向,稳定原理 演进威胁,岗位常问,安全核心,进阶到高级,信任边界 攻击面图
P05,C27,运行可靠性与平台工程,后端 AI方向 工程必读,稳定原理 演进工具,设计核心,运行核心,进阶到高级,服务拓扑 故障时序图
P06,C28,MCU 与固件的硬件边界,嵌入式方向,稳定原理 演进芯片,方向核心,方向核心,进阶,开发板实物 寄存器图 总线时序
P06,C29,实时系统与联网设备生命周期,嵌入式 IoT方向,稳定原理 演进平台,方向核心,方向核心,进阶到高级,功耗状态图 OTA流程 实物
P06,C30,Linux 内核驱动与系统软件,Linux 底层方向,持续演进,方向核心,方向核心,高级,内核架构 驱动数据流
P06,C31,Windows Qt 与设备上位机,上位机 桌面方向,持续演进,方向核心,方向核心,进阶,事件循环 UI状态图 实物
P06,C32,网络设备与高性能数据平面,系统 网络方向,持续演进,专项深问,方向核心,高级,网卡实物 包处理流图
P07,C33,网络协议与高性能服务,后端 网络方向,稳定与演进并存,方向核心,方向核心,进阶,协议时序 请求数据流
P07,C34,分布式正确性与中间件,后端 中间件方向,稳定原理 演进实践,设计核心,方向核心,高级,复制时序 故障矩阵
P07,C35,存储引擎与持久化路径,数据库 存储方向,稳定与演进并存,方向核心,方向核心,高级,持久化时序 存储布局
P07,C36,数据库内核与查询执行,数据库方向,稳定原理 演进系统,方向核心,方向核心,高级,查询计划 MVCC时间线
P07,C37,数据平台搜索与基础服务,数据平台 搜索方向,持续演进,岗位常问,方向核心,进阶到高级,数据流 血缘图
P08,C38,音视频系统与实时通信,音视频方向,稳定原理 演进标准,方向核心,方向核心,进阶到高级,媒体管线 同步时序
P08,C39,图形管线与 GPU 渲染,图形 游戏方向,持续演进,方向核心,方向核心,进阶到高级,渲染管线 帧时间图
P08,C40,游戏工业仿真与可视化引擎,游戏 CAD CAE方向,稳定原理 演进工具,专项深问,方向核心,高级,场景层级 引擎架构
P09,C41,编译器与语言实现,编译器方向,稳定原理 演进框架,方向核心,方向核心,高级,编译管线 IR图
P09,C42,运行时互操作与开发者工具,工具链方向,持续演进,岗位常问,方向核心,高级,运行时架构 工具数据流
P09,C43,并行数值计算与 HPC,HPC GPU方向,稳定原理 演进硬件,方向核心,方向核心,高级,Roofline 通信拓扑
P09,C44,CUDA 编程与 GPU 性能,GPU方向,持续演进,方向核心,方向核心,高级,GPU实物 内存层次 时序图
P10,C45,训练与推理软件栈,AI Infra方向,持续演进,方向核心,方向核心,高级,AI分层图 数据流图
P10,C46,算子量化与异构优化,GPU AI方向,持续演进,方向核心,方向核心,高级,算子图 误差图 带宽图
P10,C47,模型服务与分布式 AI 系统,AI Infra 后端方向,快速变化实现 稳定原理,方向核心,方向核心,高级,服务架构 GPU通信时序
P11,C48,传感器坐标时间与系统集成,机器人方向,稳定原理 演进硬件,方向核心,方向核心,进阶,传感器实物 坐标图 时间图
P11,C49,ROS 2 中间件与机器人软件平台,机器人方向,持续演进,方向核心,方向核心,进阶到高级,ROS图 QoS时序
P11,C50,感知定位与 SLAM,机器人 自动驾驶方向,稳定数学 演进算法,方向核心,方向核心,高级,定位数据流 因子图
P11,C51,规划控制与闭环行为,机器人 自动驾驶方向,稳定原理 演进系统,方向核心,方向核心,高级,闭环图 轨迹时序
P11,C52,自主系统的可靠性与安全论证,机器人 嵌入式 高级,持续演进,专项深问,安全核心,高级,安全论证树 场景矩阵
P12,C53,模型 API 与 AI 应用边界,AI应用方向,快速变化,岗位常问,方向核心,进阶,调用时序 信任边界
P12,C54,检索增强与知识系统,AI应用 RAG方向,快速变化实现 稳定信息检索原理,方向核心,方向核心,进阶到高级,RAG数据流 证据链图
P12,C55,可恢复的 Agent 与工具协议,Agent方向,快速变化,方向核心,方向核心,高级,状态机 协作时序 权限图
P12,C56,AI 系统的评测安全与运营,Agent AI方向,快速变化实现 稳定验证原则,设计核心,安全与运行核心,高级,评测矩阵 攻击面 恢复时序
P13,C57,从知识点到面试追问与能力证明,所有人必读,持续演进案例 稳定方法,面试核心,沟通核心,基础到高级,追问树 能力矩阵
P13,C58,跨层工程项目与作品集,按岗位选择 综合,持续演进,作品集核心,整合核心,进阶到高级,系统架构 性能证据图
