from,to,type,reason
C01,C03,必需先修,复杂度与不变量
C02,C03,必需先修,结构和算法组合
C04,C08,建议先修,字节表示与二进制
C05,C06,交叉解释,地址转换与硬件层次
C06,C07,交叉解释,虚拟内存与OS资源
C09,C10,必需先修,对象生命周期和值语义
C09,C13,必需先修,视图和容器对象有效性
C10.01,C13.02,必需先修,扩容中的复制移动
C12.01,C10.03,必需先修,模板推导先于完美转发
C14.01,C10.04,建议先修,异常保证与noexcept
C14.01,C13.02,建议先修,扩容异常分析
C08,C11,交叉解释,具体ABI和对象模型
C16,C17,建议先修,先理解同步目标
C09,C18,必需先修,回收对象生命周期
C17,C18,必需先修,原子顺序和线性化
C05,C17,交叉解释,硬件解释不代替语言规范
C09,C19,必需先修,异步状态生命周期
C16,C19,建议先修,同步与任务组织
C01,C20,必需先修,测量与统计
C05,C20,建议先修,硬件瓶颈
C08,C21,建议先修,编译链接依赖
C21,C22,建议先修,最小构建与调试信息
C22,C23,交叉解释,可复现失败
C23,C24,建议先修,发布验证
C25,C26,交叉解释,威胁模型和系统边界
C23,C27,建议先修,故障演练
C07,C28,交叉解释,MCU未必有通用OS
C28,C29,必需先修,外设中断与实时任务
C16,C29,建议先修,调度同步
C07,C30,必需先修,内核资源模型
C17,C30,交叉解释,设备屏障不等同C++原子
C19,C31,建议先修,GUI异步生命周期
C05,C32,建议先修,数据面硬件路径
C04,C33,必需先修,协议和序列化
C19,C33,建议先修,服务异步模型
C33,C34,必需先修,分布式调用与失败
C02,C35,必需先修,索引结构
C07,C35,必需先修,IO持久化
C35,C36,必需先修,存储与事务
C34,C37,建议先修,数据管道故障
C04,C38,必需先修,采样编码时间
C33,C38,建议先修,实时媒体传输
C01,C39,必需先修,线性代数桥接
C39,C40,建议先修,渲染基础
C03,C41,必需先修,图与语言算法
C08,C41,建议先修,编译二进制全链路
C41,C42,建议先修,语言实现背景
C01,C43,必需先修,数值与并行算法
C20,C43,必需先修,性能实验
C43,C44,建议先修,性能数值模型
C44,C46,建议先修,GPU执行与访存
C45,C46,必需先修,张量算子语义
C27,C47,必需先修,服务SLO容量
C34,C47,建议先修,分布式失败
C45,C47,必需先修,推理软件栈
C01,C48,必需先修,估计和坐标数学
C04,C48,必需先修,时钟和单位
C48,C49,建议先修,系统语义先于框架
C48,C50,必需先修,标定融合
C48,C51,必需先修,时延和物理闭环
C52.01,C48,建议先修,风险边界入口
C52,C29,交叉解释,安全要求约束设备
C26,C53,必需先修,权限信任边界
C33,C53,建议先修,API生命周期
C37,C54,建议先修,检索数据治理
C53,C55,必需先修,工具副作用
C54,C55,可选扩展,仅知识检索型Agent需要
C55,C56,交叉解释,评测安全贯穿设计
C23,C56,必需先修,验证方法
C25,C57,建议先修,需求设计沟通
C57,C58,交叉解释,项目与能力证据
