chapter_id,reader_title,planned_topics,content_review,code_validation,figure_review,layout_review
C01,第一章 用约束描述工程问题,4,此前已接受正文，中文编号已复核,未编译、未执行,原创SVG已渲染检查,分章校样已检查；末次修改及全书合版仍待最终逐页复核
C02,第二章 数据结构是怎样进入系统的,4,内容与技术事实已审读,未编译、未执行,原创SVG已渲染检查,分章校样已检查；末次修改及全书合版仍待最终逐页复核
C03,第三章 从算法选择到可解释的工程取舍,4,内容与技术事实已审读,未编译、未执行,原创SVG已渲染检查,分章校样已检查；末次修改及全书合版仍待最终逐页复核
C04,第四章 数据与协议的共同语言,4,此前已接受正文，中文编号已复核,未编译、未执行,原创SVG已渲染检查,分章校样已检查；末次修改及全书合版仍待最终逐页复核
C05,第五章 处理器与内存层次,4,内容与技术事实已审读,未编译、未执行,原创SVG已渲染检查,分章校样已检查；末次修改及全书合版仍待最终逐页复核
C06,第六章 地址空间与虚拟内存,4,内容与技术事实已审读,未编译、未执行,原创SVG已渲染检查,分章校样已检查；末次修改及全书合版仍待最终逐页复核
C07,第七章 操作系统提供的执行与资源模型,4,内容与技术事实已审读,未编译、未执行,原创SVG已渲染检查,分章校样已检查；末次修改及全书合版仍待最终逐页复核
C08,第八章 编译链接装载与二进制边界,4,内容与技术事实已审读,未编译、未执行,原创SVG已渲染检查,分章校样已检查；末次修改及全书合版仍待最终逐页复核
C09,第九章 对象生命周期与资源所有权,4,此前已接受正文，中文编号已复核,未编译、未执行,原创SVG已渲染检查,分章校样已检查；末次修改及全书合版仍待最终逐页复核
C10,第十章 值语义与泛型参数传递,4,内容与技术事实已审读,未编译、未执行,原创SVG已渲染检查,分章校样已检查；末次修改及全书合版仍待最终逐页复核
C11,第十一章 对象模型与可观察边界,4,内容与技术事实已审读,未编译、未执行,原创SVG已渲染检查,分章校样已检查；末次修改及全书合版仍待最终逐页复核
C12,第十二章 泛型编程与编译期表达,4,内容与技术事实已审读,未编译、未执行,原创SVG已渲染检查,分章校样已检查；末次修改及全书合版仍待最终逐页复核
C13,第十三章 标准库容器算法与分配,4,内容与技术事实已审读,未编译、未执行,原创SVG已渲染检查,分章校样已检查；末次修改及全书合版仍待最终逐页复核
C14,第十四章 错误处理与健壮的库接口,4,内容与技术事实已审读,未编译、未执行,原创SVG已渲染检查,分章校样已检查；末次修改及全书合版仍待最终逐页复核
C15,第十五章 标准演进与项目迁移,4,内容与技术事实已审读,未编译、未执行,原创SVG已渲染检查,分章校样已检查；末次修改及全书合版仍待最终逐页复核
C16,第十六章 同步原语与线程组织,4,内容与技术事实已审读,未编译、未执行,原创SVG已渲染检查,分章校样已检查；末次修改及全书合版仍待最终逐页复核
C17,第十七章 从语言内存模型理解原子操作,4,内容与技术事实已审读,未编译、未执行,原创SVG已渲染检查,分章校样已检查；末次修改及全书合版仍待最终逐页复核
C18,第十八章 无锁结构与安全回收,4,内容与技术事实已审读,未编译、未执行,原创SVG已渲染检查,分章校样已检查；末次修改及全书合版仍待最终逐页复核
C19,第十九章 异步 IO 协程与调度,4,内容与技术事实已审读,未编译、未执行,原创SVG已渲染检查,分章校样已检查；末次修改及全书合版仍待最终逐页复核
C20,第二十章 性能优化是一套实验方法,4,内容与技术事实已审读,未编译、未执行,原创SVG已渲染检查,分章校样已检查；末次修改及全书合版仍待最终逐页复核
C55,第五十五章 可恢复的 Agent 与工具协议,4,内容与技术事实已审读,未编译、未执行,原创SVG已渲染检查,分章校样已检查；末次修改及全书合版仍待最终逐页复核
